query,expected_file,expected_topic,query_type,answer_keywords
自编码器的编码器和解码器分别负责什么？,自编码器_基本结构与变分自编码器_陈科宇.md,自编码器,fact,降维;特征提取;重构;还原
变分自编码器VAE与普通自编码器的主要区别是什么？,自编码器_基本结构与变分自编码器_陈科宇.md,自编码器,fact,概率分布;隐变量;KL散度;采样
去噪自编码器DAE的训练方式有什么特殊之处？,自编码器_基本结构与变分自编码器_陈科宇.md,自编码器,fact,噪声;恢复;鲁棒性;泛化
VAE的重参数化技巧解决了什么问题？,自编码器_基本结构与变分自编码器_陈科宇.md,自编码器,fact,采样;可导;反向传播;随机性
稀疏自编码器通过什么方式学习更有判别性的特征？,自编码器_基本结构与变分自编码器_陈科宇.md,自编码器,fact,稀疏性约束;激活比例;正则化
标准自编码器和VAE在隐空间表示上有什么本质区别？,自编码器_基本结构与变分自编码器_陈科宇.md,自编码器,compare,离散;连续分布;概率;生成能力
自编码器和PCA在主成分分析上各有什么优劣？,自编码器_基本结构与变分自编码器_陈科宇.md,自编码器,compare,线性;非线性;神经网络;表达能力
自编码器有哪些主要变体，各自适用于什么场景？,自编码器_基本结构与变分自编码器_陈科宇.md,自编码器,summary,标准;去噪;稀疏;变分;降维;生成;去噪
这个资料里有没有讲YOLOv10目标检测算法？,自编码器_基本结构与变分自编码器_陈科宇.md,资料外,out_of_scope,
GAN中生成器和判别器的训练目标分别是什么？,GAN_生成对抗网络_陈科宇.md,GAN,fact,生成样本;判别真假;最小最大博弈;纳什均衡
GAN的目标函数为什么被称为极小极大博弈？,GAN_生成对抗网络_陈科宇.md,GAN,fact,minimax;对抗;零和;优化
什么是GAN训练中的模式坍塌问题？,GAN_生成对抗网络_陈科宇.md,GAN,fact,多样性不足;少数类别;生成器;收敛
WGAN相比原始GAN在损失函数上做了什么改进？,GAN_生成对抗网络_陈科宇.md,GAN,fact,Wasserstein距离;JS散度;训练稳定;Lipschitz
DCGAN在架构设计上提出了哪些关键改进？,GAN_生成对抗网络_陈科宇.md,GAN,fact,卷积层;批归一化;全连接层;稳定训练
CGAN和普通GAN在输入方式上有什么区别？,GAN_生成对抗网络_陈科宇.md,GAN,compare,条件;类别标签;控制生成;无监督;有监督
WGAN的权重裁剪和WGAN-GP的梯度惩罚各有什么优缺点？,GAN_生成对抗网络_陈科宇.md,GAN,compare,权重裁剪;梯度惩罚;容量限制;训练稳定
GAN训练不稳定的主要原因有哪些，常见的解决方法是什么？,GAN_生成对抗网络_陈科宇.md,GAN,summary,模式坍塌;梯度消失;训练不平衡;WGAN;梯度惩罚;架构改进
这个资料里有没有讲Diffusion扩散模型？,GAN_生成对抗网络_陈科宇.md,资料外,out_of_scope,
模型训练中梯度消失和梯度爆炸分别是什么原因导致的？,模型训练_流程与常见问题_陈科宇.md,模型训练,fact,链式法则;激活函数;权重初始化;梯度裁剪
早停Early Stopping策略的作用是什么？,模型训练_流程与常见问题_陈科宇.md,模型训练,fact,防止过拟合;验证集损失;停止训练;最优模型
ReLU激活函数为什么能缓解梯度消失问题？,模型训练_流程与常见问题_陈科宇.md,模型训练,fact,导数为1;非饱和;正值;梯度传播
学习率Warmup策略在训练初期有什么作用？,模型训练_流程与常见问题_陈科宇.md,模型训练,fact,逐渐增大;稳定;预热;避免震荡
梯度裁剪Gradient Clipping是如何解决梯度爆炸问题的？,模型训练_流程与常见问题_陈科宇.md,模型训练,fact,阈值;范数限制;缩放;防止过大
批量梯度下降BGD和随机梯度下降SGD在更新方式上有什么区别？,模型训练_流程与常见问题_陈科宇.md,模型训练,compare,全部数据;单个样本;稳定;波动;内存
Cosine Annealing和Step Decay两种学习率调度策略各有什么特点？,模型训练_流程与常见问题_陈科宇.md,模型训练,compare,余弦;周期性;阶梯;固定间隔;平滑
在深度学习模型训练中，如何判断模型是否出现了过拟合，应该采取哪些应对措施？,模型训练_流程与常见问题_陈科宇.md,模型训练,summary,训练集;验证集;损失差距;正则化;Dropout;数据增强;早停
这个资料里有没有讲股票预测的时间序列方法？,模型训练_流程与常见问题_陈科宇.md,资料外,out_of_scope,
网格搜索Grid Search的基本原理是什么？,模型调参_超参数优化方法_陈科宇.md,模型调参,fact,穷举;候选值;组合;全面;计算量
贝叶斯优化在超参数搜索中相比网格搜索有什么优势？,模型调参_超参数优化方法_陈科宇.md,模型调参,fact,代理模型;智能选择;效率高;计算昂贵
学习率过大或过小分别会对训练产生什么影响？,模型调参_超参数优化方法_陈科宇.md,模型调参,fact,震荡;发散;收敛慢;局部最优;适中
Dropout率一般设置在什么范围，它的作用是什么？,模型调参_超参数优化方法_陈科宇.md,模型调参,fact,0.1;0.5;随机失活;正则化;防止过拟合
Weight Decay权重衰减和L2正则化是什么关系？,模型调参_超参数优化方法_陈科宇.md,模型调参,fact,等价;惩罚项;权重大小;防止过拟合
网格搜索和随机搜索在超参数优化中各有什么优缺点？,模型调参_超参数优化方法_陈科宇.md,模型调参,compare,穷举;计算量大;随机采样;效率高;覆盖范围
小批量和大批量训练在梯度估计和收敛特性上有什么区别？,模型调参_超参数优化方法_陈科宇.md,模型调参,compare,噪声;跳出局部最优;估计准确;内存;学习率
深度学习模型调参的一般顺序和注意事项有哪些？,模型调参_超参数优化方法_陈科宇.md,模型调参,summary,学习率;网络结构;正则化;控制变量;验证集;记录
这个资料里有没有讲AutoML自动机器学习？,模型调参_超参数优化方法_陈科宇.md,资料外,out_of_scope,
实验结果分析中混淆矩阵的四个基本元素是什么？,实验结果分析_评估指标与诊断_陈科宇.md,实验结果分析,fact,真正例;假正例;真反例;假反例;TP;FP;TN;FN
精确率Precision和召回率Recall的定义分别是什么？,实验结果分析_评估指标与诊断_陈科宇.md,实验结果分析,fact,TP/(TP+FP);TP/(TP+FN);预测为正;实际为正
F1分数为什么被称为精确率和召回率的调和平均？,实验结果分析_评估指标与诊断_陈科宇.md,实验结果分析,fact,2PR/(P+R);平衡;综合;单一指标
K折交叉验证的主要作用是什么？,实验结果分析_评估指标与诊断_陈科宇.md,实验结果分析,fact,减少随机性;可靠;划分;轮流验证;平均
ROC曲线的横轴和纵轴分别代表什么？,实验结果分析_评估指标与诊断_陈科宇.md,实验结果分析,fact,假正例率;真正例率;FPR;TPR;阈值
准确率Accuracy和F1分数在什么场景下会有明显差异，应该优先看哪个？,实验结果分析_评估指标与诊断_陈科宇.md,实验结果分析,compare,类别不平衡;精确率;召回率;调和平均;综合评价
MSE和MAE作为回归指标，对异常值的敏感度有什么区别？,实验结果分析_评估指标与诊断_陈科宇.md,实验结果分析,compare,平方;放大;绝对值;鲁棒;异常值
如何通过损失曲线判断模型是过拟合、欠拟合还是拟合良好？,实验结果分析_评估指标与诊断_陈科宇.md,实验结果分析,summary,训练损失;验证损失;差距;上升;下降;接近
这个资料里有没有讲世界杯足球比赛预测？,实验结果分析_评估指标与诊断_陈科宇.md,资料外,out_of_scope,
